<keymap version="1" name="Windows copy" parent="$default">
  <action id="$Delete">
    <keyboard-shortcut first-keystroke="delete" />
    <keyboard-shortcut first-keystroke="ctrl d" />
  </action>
  <action id="$EditorTranslateAction">
    <keyboard-shortcut first-keystroke="shift ctrl y" />
    <keyboard-shortcut first-keystroke="ctrl y" />
  </action>
  <action id="Back">
    <keyboard-shortcut first-keystroke="ctrl alt left" />
    <mouse-shortcut keystroke="button4" />
    <keyboard-shortcut first-keystroke="ctrl i" />
  </action>
  <action id="CheckinProject" />
  <action id="CompareTwoFiles" />
  <action id="Console.TableResult.DeleteRows" />
  <action id="Diff.ShowDiff" />
  <action id="Editor Delete">
    <keyboard-shortcut first-keystroke="ctrl d" />
  </action>
  <action id="Editor EditorTranslateAction">
    <keyboard-shortcut first-keystroke="ctrl y" />
  </action>
  <action id="EditorDeleteLine" />
  <action id="EditorDown">
    <keyboard-shortcut first-keystroke="down" />
    <keyboard-shortcut first-keystroke="ctrl j" />
  </action>
  <action id="EditorDuplicate" />
  <action id="EditorLeft">
    <keyboard-shortcut first-keystroke="left" />
    <keyboard-shortcut first-keystroke="ctrl h" />
  </action>
  <action id="EditorRight">
    <keyboard-shortcut first-keystroke="right" />
    <keyboard-shortcut first-keystroke="ctrl l" />
  </action>
  <action id="EditorUp">
    <keyboard-shortcut first-keystroke="up" />
    <keyboard-shortcut first-keystroke="ctrl k" />
  </action>
  <action id="FileChooser.GotoDesktop" />
  <action id="FindNext">
    <keyboard-shortcut first-keystroke="f3" />
  </action>
  <action id="Generate.Missing.Members.ES6" />
  <action id="Generate.Missing.Members.TypeScript" />
  <action id="Go.NewGoFile">
    <keyboard-shortcut first-keystroke="alt n" />
  </action>
  <action id="ImplementMethods" />
  <action id="InsertLiveTemplate" />
  <action id="RunDashboard.CopyConfiguration" />
  <action id="SendEOF" />
  <action id="SplitVertically">
    <keyboard-shortcut first-keystroke="ctrl alt 1" />
  </action>
  <action id="Terminal.ClearBuffer" />
  <action id="TypeHierarchy" />
  <action id="TypeHierarchyBase.BaseOnThisType" />
  <action id="UnsplitAll">
    <keyboard-shortcut first-keystroke="alt page_down" />
  </action>
  <action id="Vcs.Log.FocusTextFilter" />
  <action id="XDebugger.CopyWatch" />
  <action id="openAssertEqualsDiff" />
</keymap>