<application>
  <component name="vgo">
    <environment>
      <map>
        <entry key="GONOPROXY">
          <value>
            <list>
              <option value="*.code.oa.com" />
            </list>
          </value>
        </entry>
        <entry key="GOPROXY">
          <value>
            <list>
              <option value="https://mirrors.tencent.com/go/,direct" />
            </list>
          </value>
        </entry>
        <entry key="GOSUMDB">
          <value>
            <list>
              <option value="off" />
            </list>
          </value>
        </entry>
      </map>
    </environment>
  </component>
</application>