<application>
  <component name="WebServers">
    <option name="servers">
      <webServer id="1e039854-c60b-406e-afac-2afdde16ad3e" name="go" url="">
        <fileTransfer rootFolder="/data/home/yongbohe/goaland" accessType="SFTP" host="9.135.21.75" port="36000" sshConfigId="4c4e33ce-57d9-4320-8791-ff04bbe62c81" sshConfig="go 开发机" keyPair="true">
          <advancedOptions>
            <advancedOptions dataProtectionLevel="Private" passiveMode="true" shareSSLContext="true" />
          </advancedOptions>
        </fileTransfer>
      </webServer>
    </option>
  </component>
</application>