<application>
  <component name="AppStorage">
    <option name="newTranslationDialogWidth" value="596" />
    <option name="newTranslationDialogX" value="1080" />
    <option name="newTranslationDialogY" value="586" />
    <histories>
      <item value="Example Hello" />
      <item value="build Jmp Directive" />
      <item value="double" />
      <item value="originals" />
      <item value="Arbitrary Type" />
      <item value="programs" />
      <item value="Package unsafe contains operations that step around the type safety of Go programs." />
      <item value="Elem" />
      <item value="value Holders" />
      <item value="Patches" />
      <item value="Marshal" />
      <item value="Convey" />
      <item value="Convey calls can // be nested as far as you see fit." />
      <item value="Each scope has a description and a func() which may contain // other calls to Convey(), Reset() or Should-style assertions" />
      <item value="Convey is the method intended for use when declaring the scopes of // a specification" />
      <item value="specified" />
      <item value="map is marshaled in deterministic order." />
      <item value="deterministic" />
      <item value="Web Safe" />
      <item value="Opaque" />
      <item value="Transparent" />
      <item value="New Paletted" />
      <item value="disposals" />
      <item value="delays" />
      <item value="images" />
      <item value="palette" />
      <item value="Brightness" />
      <item value="alpha values" />
      <item value="lossy" />
      <item value="conversion" />
      <item value="per channel RGBA" />
      <item value="convert" />
      <item value="alpha-premultiplied" />
      <item value="Set Color Index" />
      <item value="Rectangle" />
      <item value="shorthand" />
      <item value="Rect" />
      <item value="Paletted" />
      <item value="successive" />
      <item value="nosec" />
      <item value="location returns the ith hashed location using the four base hash values" />
      <item value="grab" />
      <item value="Append returns the updated slice. It is therefore necessary to store the // result of append, often in the variable holding the slice itself:" />
      <item value="the destination is resliced to accommodate the // new elements. If it does not, a new underlying array will be allocated." />
      <item value="individual" />
      <item value="launched" />
      <item value="president" />
      <item value="term" />
      <item value="Perform" />
      <item value="point" />
    </histories>
    <option name="languageScores">
      <map>
        <entry key="CHINESE" value="50" />
        <entry key="ENGLISH" value="51" />
        <entry key="GREEK" value="1" />
        <entry key="HUNGARIAN" value="1" />
      </map>
    </option>
  </component>
  <component name="Cache">
    <option name="lastTrimTime" value="1609727375121" />
  </component>
</application>