<application>
  <component name="libraryTable">
    <library name="Bundled Protobuf Distribution">
      <CLASSES />
      <SOURCES>
        <root url="jar://$APPLICATION_PLUGINS_DIR$/protobuf-jetbrains-plugin/lib/protobuf-java-3.6.1-sources.jar!/" />
      </SOURCES>
    </library>
    <library name="Python 3.6 (1) interpreter library">
      <CLASSES>
        <root url="file://C:/ProgramData/Anaconda3/envs/AccountCBRecallServer/DLLs" />
        <root url="file://C:/ProgramData/Anaconda3/envs/AccountCBRecallServer/Lib" />
        <root url="file://C:/ProgramData/Anaconda3/envs/AccountCBRecallServer" />
        <root url="file://C:/ProgramData/Anaconda3/envs/AccountCBRecallServer/Lib/site-packages" />
        <root url="file://$USER_HOME$/.CLion2018.1/system/python_stubs/681552664" />
        <root url="file://$APPLICATION_HOME_DIR$/plugins/python/helpers/python-skeletons" />
        <root url="file://$APPLICATION_HOME_DIR$/plugins/python/helpers/typeshed/stdlib/3.6" />
        <root url="file://$APPLICATION_HOME_DIR$/plugins/python/helpers/typeshed/stdlib/3.5" />
        <root url="file://$APPLICATION_HOME_DIR$/plugins/python/helpers/typeshed/stdlib/3.4" />
        <root url="file://$APPLICATION_HOME_DIR$/plugins/python/helpers/typeshed/stdlib/3.3" />
        <root url="file://$APPLICATION_HOME_DIR$/plugins/python/helpers/typeshed/stdlib/3" />
        <root url="file://$APPLICATION_HOME_DIR$/plugins/python/helpers/typeshed/stdlib/2and3" />
        <root url="file://$APPLICATION_HOME_DIR$/plugins/python/helpers/typeshed/third_party/3" />
        <root url="file://$APPLICATION_HOME_DIR$/plugins/python/helpers/typeshed/third_party/2and3" />
      </CLASSES>
      <SOURCES>
        <root url="file://C:/ProgramData/Anaconda3/envs/AccountCBRecallServer/DLLs" />
        <root url="file://C:/ProgramData/Anaconda3/envs/AccountCBRecallServer/Lib" />
        <root url="file://C:/ProgramData/Anaconda3/envs/AccountCBRecallServer" />
        <root url="file://C:/ProgramData/Anaconda3/envs/AccountCBRecallServer/Lib/site-packages" />
        <root url="file://$USER_HOME$/.CLion2018.1/system/python_stubs/681552664" />
        <root url="file://$APPLICATION_HOME_DIR$/plugins/python/helpers/python-skeletons" />
        <root url="file://$APPLICATION_HOME_DIR$/plugins/python/helpers/typeshed/stdlib/3.6" />
        <root url="file://$APPLICATION_HOME_DIR$/plugins/python/helpers/typeshed/stdlib/3.5" />
        <root url="file://$APPLICATION_HOME_DIR$/plugins/python/helpers/typeshed/stdlib/3.4" />
        <root url="file://$APPLICATION_HOME_DIR$/plugins/python/helpers/typeshed/stdlib/3.3" />
        <root url="file://$APPLICATION_HOME_DIR$/plugins/python/helpers/typeshed/stdlib/3" />
        <root url="file://$APPLICATION_HOME_DIR$/plugins/python/helpers/typeshed/stdlib/2and3" />
        <root url="file://$APPLICATION_HOME_DIR$/plugins/python/helpers/typeshed/third_party/3" />
        <root url="file://$APPLICATION_HOME_DIR$/plugins/python/helpers/typeshed/third_party/2and3" />
      </SOURCES>
    </library>
    <library name="Python 3.6 (2) interpreter library">
      <CLASSES>
        <root url="file://$USER_HOME$/AppData/Local/Programs/Python/Python36-32/DLLs" />
        <root url="file://$USER_HOME$/AppData/Local/Programs/Python/Python36-32/Lib" />
        <root url="file://$USER_HOME$/AppData/Local/Programs/Python/Python36-32" />
        <root url="file://$USER_HOME$/AppData/Local/Programs/Python/Python36-32/Lib/site-packages" />
        <root url="file://$USER_HOME$/.CLion2018.2/system/python_stubs/-221541719" />
        <root url="file://$APPLICATION_HOME_DIR$/plugins/python/helpers/python-skeletons" />
        <root url="file://$APPLICATION_HOME_DIR$/plugins/python/helpers/typeshed/stdlib/3.4" />
        <root url="file://$APPLICATION_HOME_DIR$/plugins/python/helpers/typeshed/stdlib/3" />
        <root url="file://$APPLICATION_HOME_DIR$/plugins/python/helpers/typeshed/stdlib/2and3" />
        <root url="file://$APPLICATION_HOME_DIR$/plugins/python/helpers/typeshed/third_party/3" />
        <root url="file://$APPLICATION_HOME_DIR$/plugins/python/helpers/typeshed/third_party/2and3" />
      </CLASSES>
      <SOURCES>
        <root url="file://$USER_HOME$/AppData/Local/Programs/Python/Python36-32/DLLs" />
        <root url="file://$USER_HOME$/AppData/Local/Programs/Python/Python36-32/Lib" />
        <root url="file://$USER_HOME$/AppData/Local/Programs/Python/Python36-32" />
        <root url="file://$USER_HOME$/AppData/Local/Programs/Python/Python36-32/Lib/site-packages" />
        <root url="file://$USER_HOME$/.CLion2018.2/system/python_stubs/-221541719" />
        <root url="file://$APPLICATION_HOME_DIR$/plugins/python/helpers/python-skeletons" />
        <root url="file://$APPLICATION_HOME_DIR$/plugins/python/helpers/typeshed/stdlib/3.4" />
        <root url="file://$APPLICATION_HOME_DIR$/plugins/python/helpers/typeshed/stdlib/3" />
        <root url="file://$APPLICATION_HOME_DIR$/plugins/python/helpers/typeshed/stdlib/2and3" />
        <root url="file://$APPLICATION_HOME_DIR$/plugins/python/helpers/typeshed/third_party/3" />
        <root url="file://$APPLICATION_HOME_DIR$/plugins/python/helpers/typeshed/third_party/2and3" />
      </SOURCES>
    </library>
    <library name="Python 3.6 (2) interpreter library">
      <CLASSES>
        <root url="file://$USER_HOME$/AppData/Local/Programs/Python/Python36-32/DLLs" />
        <root url="file://$USER_HOME$/AppData/Local/Programs/Python/Python36-32/Lib" />
        <root url="file://$USER_HOME$/AppData/Local/Programs/Python/Python36-32" />
        <root url="file://$USER_HOME$/AppData/Local/Programs/Python/Python36-32/Lib/site-packages" />
        <root url="file://$USER_HOME$/.CLion2018.2/system/python_stubs/-221541719" />
        <root url="file://$APPLICATION_HOME_DIR$/plugins/python/helpers/python-skeletons" />
        <root url="file://$APPLICATION_HOME_DIR$/plugins/python/helpers/typeshed/stdlib/3.4" />
        <root url="file://$APPLICATION_HOME_DIR$/plugins/python/helpers/typeshed/stdlib/3" />
        <root url="file://$APPLICATION_HOME_DIR$/plugins/python/helpers/typeshed/stdlib/2and3" />
        <root url="file://$APPLICATION_HOME_DIR$/plugins/python/helpers/typeshed/third_party/3" />
        <root url="file://$APPLICATION_HOME_DIR$/plugins/python/helpers/typeshed/third_party/2and3" />
      </CLASSES>
      <SOURCES>
        <root url="file://$USER_HOME$/AppData/Local/Programs/Python/Python36-32/DLLs" />
        <root url="file://$USER_HOME$/AppData/Local/Programs/Python/Python36-32/Lib" />
        <root url="file://$USER_HOME$/AppData/Local/Programs/Python/Python36-32" />
        <root url="file://$USER_HOME$/AppData/Local/Programs/Python/Python36-32/Lib/site-packages" />
        <root url="file://$USER_HOME$/.CLion2018.2/system/python_stubs/-221541719" />
        <root url="file://$APPLICATION_HOME_DIR$/plugins/python/helpers/python-skeletons" />
        <root url="file://$APPLICATION_HOME_DIR$/plugins/python/helpers/typeshed/stdlib/3.4" />
        <root url="file://$APPLICATION_HOME_DIR$/plugins/python/helpers/typeshed/stdlib/3" />
        <root url="file://$APPLICATION_HOME_DIR$/plugins/python/helpers/typeshed/stdlib/2and3" />
        <root url="file://$APPLICATION_HOME_DIR$/plugins/python/helpers/typeshed/third_party/3" />
        <root url="file://$APPLICATION_HOME_DIR$/plugins/python/helpers/typeshed/third_party/2and3" />
      </SOURCES>
    </library>
    <library name="Python 3.6 (2) interpreter library">
      <CLASSES>
        <root url="file://$USER_HOME$/AppData/Local/Programs/Python/Python36-32/DLLs" />
        <root url="file://$USER_HOME$/AppData/Local/Programs/Python/Python36-32/Lib" />
        <root url="file://$USER_HOME$/AppData/Local/Programs/Python/Python36-32" />
        <root url="file://$USER_HOME$/AppData/Local/Programs/Python/Python36-32/Lib/site-packages" />
        <root url="file://$USER_HOME$/.CLion2018.2/system/python_stubs/-221541719" />
        <root url="file://$APPLICATION_HOME_DIR$/plugins/python/helpers/python-skeletons" />
        <root url="file://$APPLICATION_HOME_DIR$/plugins/python/helpers/typeshed/stdlib/3.4" />
        <root url="file://$APPLICATION_HOME_DIR$/plugins/python/helpers/typeshed/stdlib/3" />
        <root url="file://$APPLICATION_HOME_DIR$/plugins/python/helpers/typeshed/stdlib/2and3" />
        <root url="file://$APPLICATION_HOME_DIR$/plugins/python/helpers/typeshed/third_party/3" />
        <root url="file://$APPLICATION_HOME_DIR$/plugins/python/helpers/typeshed/third_party/2and3" />
      </CLASSES>
      <SOURCES>
        <root url="file://$USER_HOME$/AppData/Local/Programs/Python/Python36-32/DLLs" />
        <root url="file://$USER_HOME$/AppData/Local/Programs/Python/Python36-32/Lib" />
        <root url="file://$USER_HOME$/AppData/Local/Programs/Python/Python36-32" />
        <root url="file://$USER_HOME$/AppData/Local/Programs/Python/Python36-32/Lib/site-packages" />
        <root url="file://$USER_HOME$/.CLion2018.2/system/python_stubs/-221541719" />
        <root url="file://$APPLICATION_HOME_DIR$/plugins/python/helpers/python-skeletons" />
        <root url="file://$APPLICATION_HOME_DIR$/plugins/python/helpers/typeshed/stdlib/3.4" />
        <root url="file://$APPLICATION_HOME_DIR$/plugins/python/helpers/typeshed/stdlib/3" />
        <root url="file://$APPLICATION_HOME_DIR$/plugins/python/helpers/typeshed/stdlib/2and3" />
        <root url="file://$APPLICATION_HOME_DIR$/plugins/python/helpers/typeshed/third_party/3" />
        <root url="file://$APPLICATION_HOME_DIR$/plugins/python/helpers/typeshed/third_party/2and3" />
      </SOURCES>
    </library>
    <library name="Python 3.6 (2) interpreter library">
      <CLASSES>
        <root url="file://$USER_HOME$/AppData/Local/Programs/Python/Python36-32/DLLs" />
        <root url="file://$USER_HOME$/AppData/Local/Programs/Python/Python36-32/Lib" />
        <root url="file://$USER_HOME$/AppData/Local/Programs/Python/Python36-32" />
        <root url="file://$USER_HOME$/AppData/Local/Programs/Python/Python36-32/Lib/site-packages" />
        <root url="file://$USER_HOME$/.CLion2018.2/system/python_stubs/-221541719" />
        <root url="file://$APPLICATION_HOME_DIR$/plugins/python/helpers/python-skeletons" />
        <root url="file://$APPLICATION_HOME_DIR$/plugins/python/helpers/typeshed/stdlib/3.4" />
        <root url="file://$APPLICATION_HOME_DIR$/plugins/python/helpers/typeshed/stdlib/3" />
        <root url="file://$APPLICATION_HOME_DIR$/plugins/python/helpers/typeshed/stdlib/2and3" />
        <root url="file://$APPLICATION_HOME_DIR$/plugins/python/helpers/typeshed/third_party/3" />
        <root url="file://$APPLICATION_HOME_DIR$/plugins/python/helpers/typeshed/third_party/2and3" />
      </CLASSES>
      <SOURCES>
        <root url="file://$USER_HOME$/AppData/Local/Programs/Python/Python36-32/DLLs" />
        <root url="file://$USER_HOME$/AppData/Local/Programs/Python/Python36-32/Lib" />
        <root url="file://$USER_HOME$/AppData/Local/Programs/Python/Python36-32" />
        <root url="file://$USER_HOME$/AppData/Local/Programs/Python/Python36-32/Lib/site-packages" />
        <root url="file://$USER_HOME$/.CLion2018.2/system/python_stubs/-221541719" />
        <root url="file://$APPLICATION_HOME_DIR$/plugins/python/helpers/python-skeletons" />
        <root url="file://$APPLICATION_HOME_DIR$/plugins/python/helpers/typeshed/stdlib/3.4" />
        <root url="file://$APPLICATION_HOME_DIR$/plugins/python/helpers/typeshed/stdlib/3" />
        <root url="file://$APPLICATION_HOME_DIR$/plugins/python/helpers/typeshed/stdlib/2and3" />
        <root url="file://$APPLICATION_HOME_DIR$/plugins/python/helpers/typeshed/third_party/3" />
        <root url="file://$APPLICATION_HOME_DIR$/plugins/python/helpers/typeshed/third_party/2and3" />
      </SOURCES>
    </library>
    <library name="Python 3.6 (2) interpreter library">
      <CLASSES>
        <root url="file://$USER_HOME$/AppData/Local/Programs/Python/Python36-32/DLLs" />
        <root url="file://$USER_HOME$/AppData/Local/Programs/Python/Python36-32/Lib" />
        <root url="file://$USER_HOME$/AppData/Local/Programs/Python/Python36-32" />
        <root url="file://$USER_HOME$/AppData/Local/Programs/Python/Python36-32/Lib/site-packages" />
        <root url="file://$USER_HOME$/.CLion2018.2/system/python_stubs/-221541719" />
        <root url="file://$APPLICATION_HOME_DIR$/plugins/python/helpers/python-skeletons" />
        <root url="file://$APPLICATION_HOME_DIR$/plugins/python/helpers/typeshed/stdlib/3.4" />
        <root url="file://$APPLICATION_HOME_DIR$/plugins/python/helpers/typeshed/stdlib/3" />
        <root url="file://$APPLICATION_HOME_DIR$/plugins/python/helpers/typeshed/stdlib/2and3" />
        <root url="file://$APPLICATION_HOME_DIR$/plugins/python/helpers/typeshed/third_party/3" />
        <root url="file://$APPLICATION_HOME_DIR$/plugins/python/helpers/typeshed/third_party/2and3" />
      </CLASSES>
      <SOURCES>
        <root url="file://$USER_HOME$/AppData/Local/Programs/Python/Python36-32/DLLs" />
        <root url="file://$USER_HOME$/AppData/Local/Programs/Python/Python36-32/Lib" />
        <root url="file://$USER_HOME$/AppData/Local/Programs/Python/Python36-32" />
        <root url="file://$USER_HOME$/AppData/Local/Programs/Python/Python36-32/Lib/site-packages" />
        <root url="file://$USER_HOME$/.CLion2018.2/system/python_stubs/-221541719" />
        <root url="file://$APPLICATION_HOME_DIR$/plugins/python/helpers/python-skeletons" />
        <root url="file://$APPLICATION_HOME_DIR$/plugins/python/helpers/typeshed/stdlib/3.4" />
        <root url="file://$APPLICATION_HOME_DIR$/plugins/python/helpers/typeshed/stdlib/3" />
        <root url="file://$APPLICATION_HOME_DIR$/plugins/python/helpers/typeshed/stdlib/2and3" />
        <root url="file://$APPLICATION_HOME_DIR$/plugins/python/helpers/typeshed/third_party/3" />
        <root url="file://$APPLICATION_HOME_DIR$/plugins/python/helpers/typeshed/third_party/2and3" />
      </SOURCES>
    </library>
    <library name="Python 3.6 (2) interpreter library">
      <CLASSES>
        <root url="file://$USER_HOME$/AppData/Local/Programs/Python/Python36-32/DLLs" />
        <root url="file://$USER_HOME$/AppData/Local/Programs/Python/Python36-32/Lib" />
        <root url="file://$USER_HOME$/AppData/Local/Programs/Python/Python36-32" />
        <root url="file://$USER_HOME$/AppData/Local/Programs/Python/Python36-32/Lib/site-packages" />
        <root url="file://$USER_HOME$/.CLion2018.2/system/python_stubs/-221541719" />
        <root url="file://$APPLICATION_HOME_DIR$/plugins/python/helpers/python-skeletons" />
        <root url="file://$APPLICATION_HOME_DIR$/plugins/python/helpers/typeshed/stdlib/3.4" />
        <root url="file://$APPLICATION_HOME_DIR$/plugins/python/helpers/typeshed/stdlib/3" />
        <root url="file://$APPLICATION_HOME_DIR$/plugins/python/helpers/typeshed/stdlib/2and3" />
        <root url="file://$APPLICATION_HOME_DIR$/plugins/python/helpers/typeshed/third_party/3" />
        <root url="file://$APPLICATION_HOME_DIR$/plugins/python/helpers/typeshed/third_party/2and3" />
      </CLASSES>
      <SOURCES>
        <root url="file://$USER_HOME$/AppData/Local/Programs/Python/Python36-32/DLLs" />
        <root url="file://$USER_HOME$/AppData/Local/Programs/Python/Python36-32/Lib" />
        <root url="file://$USER_HOME$/AppData/Local/Programs/Python/Python36-32" />
        <root url="file://$USER_HOME$/AppData/Local/Programs/Python/Python36-32/Lib/site-packages" />
        <root url="file://$USER_HOME$/.CLion2018.2/system/python_stubs/-221541719" />
        <root url="file://$APPLICATION_HOME_DIR$/plugins/python/helpers/python-skeletons" />
        <root url="file://$APPLICATION_HOME_DIR$/plugins/python/helpers/typeshed/stdlib/3.4" />
        <root url="file://$APPLICATION_HOME_DIR$/plugins/python/helpers/typeshed/stdlib/3" />
        <root url="file://$APPLICATION_HOME_DIR$/plugins/python/helpers/typeshed/stdlib/2and3" />
        <root url="file://$APPLICATION_HOME_DIR$/plugins/python/helpers/typeshed/third_party/3" />
        <root url="file://$APPLICATION_HOME_DIR$/plugins/python/helpers/typeshed/third_party/2and3" />
      </SOURCES>
    </library>
    <library name="Python 3.6 (2) interpreter library">
      <CLASSES>
        <root url="file://$USER_HOME$/AppData/Local/Programs/Python/Python36-32/DLLs" />
        <root url="file://$USER_HOME$/AppData/Local/Programs/Python/Python36-32/Lib" />
        <root url="file://$USER_HOME$/AppData/Local/Programs/Python/Python36-32" />
        <root url="file://$USER_HOME$/AppData/Local/Programs/Python/Python36-32/Lib/site-packages" />
        <root url="file://$USER_HOME$/.CLion2018.2/system/python_stubs/-221541719" />
        <root url="file://$APPLICATION_HOME_DIR$/plugins/python/helpers/python-skeletons" />
        <root url="file://$APPLICATION_HOME_DIR$/plugins/python/helpers/typeshed/stdlib/3.4" />
        <root url="file://$APPLICATION_HOME_DIR$/plugins/python/helpers/typeshed/stdlib/3" />
        <root url="file://$APPLICATION_HOME_DIR$/plugins/python/helpers/typeshed/stdlib/2and3" />
        <root url="file://$APPLICATION_HOME_DIR$/plugins/python/helpers/typeshed/third_party/3" />
        <root url="file://$APPLICATION_HOME_DIR$/plugins/python/helpers/typeshed/third_party/2and3" />
      </CLASSES>
      <SOURCES>
        <root url="file://$USER_HOME$/AppData/Local/Programs/Python/Python36-32/DLLs" />
        <root url="file://$USER_HOME$/AppData/Local/Programs/Python/Python36-32/Lib" />
        <root url="file://$USER_HOME$/AppData/Local/Programs/Python/Python36-32" />
        <root url="file://$USER_HOME$/AppData/Local/Programs/Python/Python36-32/Lib/site-packages" />
        <root url="file://$USER_HOME$/.CLion2018.2/system/python_stubs/-221541719" />
        <root url="file://$APPLICATION_HOME_DIR$/plugins/python/helpers/python-skeletons" />
        <root url="file://$APPLICATION_HOME_DIR$/plugins/python/helpers/typeshed/stdlib/3.4" />
        <root url="file://$APPLICATION_HOME_DIR$/plugins/python/helpers/typeshed/stdlib/3" />
        <root url="file://$APPLICATION_HOME_DIR$/plugins/python/helpers/typeshed/stdlib/2and3" />
        <root url="file://$APPLICATION_HOME_DIR$/plugins/python/helpers/typeshed/third_party/3" />
        <root url="file://$APPLICATION_HOME_DIR$/plugins/python/helpers/typeshed/third_party/2and3" />
      </SOURCES>
    </library>
    <library name="Python 3.6 (2) interpreter library">
      <CLASSES>
        <root url="file://$USER_HOME$/AppData/Local/Programs/Python/Python36-32/DLLs" />
        <root url="file://$USER_HOME$/AppData/Local/Programs/Python/Python36-32/Lib" />
        <root url="file://$USER_HOME$/AppData/Local/Programs/Python/Python36-32" />
        <root url="file://$USER_HOME$/AppData/Local/Programs/Python/Python36-32/Lib/site-packages" />
        <root url="file://$USER_HOME$/.CLion2018.2/system/python_stubs/-221541719" />
        <root url="file://$APPLICATION_HOME_DIR$/plugins/python/helpers/python-skeletons" />
        <root url="file://$APPLICATION_HOME_DIR$/plugins/python/helpers/typeshed/stdlib/3.4" />
        <root url="file://$APPLICATION_HOME_DIR$/plugins/python/helpers/typeshed/stdlib/3" />
        <root url="file://$APPLICATION_HOME_DIR$/plugins/python/helpers/typeshed/stdlib/2and3" />
        <root url="file://$APPLICATION_HOME_DIR$/plugins/python/helpers/typeshed/third_party/3" />
        <root url="file://$APPLICATION_HOME_DIR$/plugins/python/helpers/typeshed/third_party/2and3" />
      </CLASSES>
      <SOURCES>
        <root url="file://$USER_HOME$/AppData/Local/Programs/Python/Python36-32/DLLs" />
        <root url="file://$USER_HOME$/AppData/Local/Programs/Python/Python36-32/Lib" />
        <root url="file://$USER_HOME$/AppData/Local/Programs/Python/Python36-32" />
        <root url="file://$USER_HOME$/AppData/Local/Programs/Python/Python36-32/Lib/site-packages" />
        <root url="file://$USER_HOME$/.CLion2018.2/system/python_stubs/-221541719" />
        <root url="file://$APPLICATION_HOME_DIR$/plugins/python/helpers/python-skeletons" />
        <root url="file://$APPLICATION_HOME_DIR$/plugins/python/helpers/typeshed/stdlib/3.4" />
        <root url="file://$APPLICATION_HOME_DIR$/plugins/python/helpers/typeshed/stdlib/3" />
        <root url="file://$APPLICATION_HOME_DIR$/plugins/python/helpers/typeshed/stdlib/2and3" />
        <root url="file://$APPLICATION_HOME_DIR$/plugins/python/helpers/typeshed/third_party/3" />
        <root url="file://$APPLICATION_HOME_DIR$/plugins/python/helpers/typeshed/third_party/2and3" />
      </SOURCES>
    </library>
    <library name="Python 3.6 (2) interpreter library">
      <CLASSES>
        <root url="file://$USER_HOME$/AppData/Local/Programs/Python/Python36-32/DLLs" />
        <root url="file://$USER_HOME$/AppData/Local/Programs/Python/Python36-32/Lib" />
        <root url="file://$USER_HOME$/AppData/Local/Programs/Python/Python36-32" />
        <root url="file://$USER_HOME$/AppData/Local/Programs/Python/Python36-32/Lib/site-packages" />
        <root url="file://$USER_HOME$/.CLion2018.2/system/python_stubs/-221541719" />
        <root url="file://$APPLICATION_HOME_DIR$/plugins/python/helpers/python-skeletons" />
        <root url="file://$APPLICATION_HOME_DIR$/plugins/python/helpers/typeshed/stdlib/3.4" />
        <root url="file://$APPLICATION_HOME_DIR$/plugins/python/helpers/typeshed/stdlib/3" />
        <root url="file://$APPLICATION_HOME_DIR$/plugins/python/helpers/typeshed/stdlib/2and3" />
        <root url="file://$APPLICATION_HOME_DIR$/plugins/python/helpers/typeshed/third_party/3" />
        <root url="file://$APPLICATION_HOME_DIR$/plugins/python/helpers/typeshed/third_party/2and3" />
      </CLASSES>
      <SOURCES>
        <root url="file://$USER_HOME$/AppData/Local/Programs/Python/Python36-32/DLLs" />
        <root url="file://$USER_HOME$/AppData/Local/Programs/Python/Python36-32/Lib" />
        <root url="file://$USER_HOME$/AppData/Local/Programs/Python/Python36-32" />
        <root url="file://$USER_HOME$/AppData/Local/Programs/Python/Python36-32/Lib/site-packages" />
        <root url="file://$USER_HOME$/.CLion2018.2/system/python_stubs/-221541719" />
        <root url="file://$APPLICATION_HOME_DIR$/plugins/python/helpers/python-skeletons" />
        <root url="file://$APPLICATION_HOME_DIR$/plugins/python/helpers/typeshed/stdlib/3.4" />
        <root url="file://$APPLICATION_HOME_DIR$/plugins/python/helpers/typeshed/stdlib/3" />
        <root url="file://$APPLICATION_HOME_DIR$/plugins/python/helpers/typeshed/stdlib/2and3" />
        <root url="file://$APPLICATION_HOME_DIR$/plugins/python/helpers/typeshed/third_party/3" />
        <root url="file://$APPLICATION_HOME_DIR$/plugins/python/helpers/typeshed/third_party/2and3" />
      </SOURCES>
    </library>
    <library name="Python 3.6 (2) interpreter library">
      <CLASSES>
        <root url="file://$USER_HOME$/AppData/Local/Programs/Python/Python36-32/DLLs" />
        <root url="file://$USER_HOME$/AppData/Local/Programs/Python/Python36-32/Lib" />
        <root url="file://$USER_HOME$/AppData/Local/Programs/Python/Python36-32" />
        <root url="file://$USER_HOME$/AppData/Local/Programs/Python/Python36-32/Lib/site-packages" />
        <root url="file://$USER_HOME$/.CLion2018.2/system/python_stubs/-221541719" />
        <root url="file://$APPLICATION_HOME_DIR$/plugins/python/helpers/python-skeletons" />
        <root url="file://$APPLICATION_HOME_DIR$/plugins/python/helpers/typeshed/stdlib/3.4" />
        <root url="file://$APPLICATION_HOME_DIR$/plugins/python/helpers/typeshed/stdlib/3" />
        <root url="file://$APPLICATION_HOME_DIR$/plugins/python/helpers/typeshed/stdlib/2and3" />
        <root url="file://$APPLICATION_HOME_DIR$/plugins/python/helpers/typeshed/third_party/3" />
        <root url="file://$APPLICATION_HOME_DIR$/plugins/python/helpers/typeshed/third_party/2and3" />
      </CLASSES>
      <SOURCES>
        <root url="file://$USER_HOME$/AppData/Local/Programs/Python/Python36-32/DLLs" />
        <root url="file://$USER_HOME$/AppData/Local/Programs/Python/Python36-32/Lib" />
        <root url="file://$USER_HOME$/AppData/Local/Programs/Python/Python36-32" />
        <root url="file://$USER_HOME$/AppData/Local/Programs/Python/Python36-32/Lib/site-packages" />
        <root url="file://$USER_HOME$/.CLion2018.2/system/python_stubs/-221541719" />
        <root url="file://$APPLICATION_HOME_DIR$/plugins/python/helpers/python-skeletons" />
        <root url="file://$APPLICATION_HOME_DIR$/plugins/python/helpers/typeshed/stdlib/3.4" />
        <root url="file://$APPLICATION_HOME_DIR$/plugins/python/helpers/typeshed/stdlib/3" />
        <root url="file://$APPLICATION_HOME_DIR$/plugins/python/helpers/typeshed/stdlib/2and3" />
        <root url="file://$APPLICATION_HOME_DIR$/plugins/python/helpers/typeshed/third_party/3" />
        <root url="file://$APPLICATION_HOME_DIR$/plugins/python/helpers/typeshed/third_party/2and3" />
      </SOURCES>
    </library>
    <library name="Python 3.6 (2) interpreter library">
      <CLASSES>
        <root url="file://$USER_HOME$/AppData/Local/Programs/Python/Python36-32/DLLs" />
        <root url="file://$USER_HOME$/AppData/Local/Programs/Python/Python36-32/Lib" />
        <root url="file://$USER_HOME$/AppData/Local/Programs/Python/Python36-32" />
        <root url="file://$USER_HOME$/AppData/Local/Programs/Python/Python36-32/Lib/site-packages" />
        <root url="file://$USER_HOME$/.CLion2018.2/system/python_stubs/-221541719" />
        <root url="file://$APPLICATION_HOME_DIR$/plugins/python/helpers/python-skeletons" />
        <root url="file://$APPLICATION_HOME_DIR$/plugins/python/helpers/typeshed/stdlib/3.4" />
        <root url="file://$APPLICATION_HOME_DIR$/plugins/python/helpers/typeshed/stdlib/3" />
        <root url="file://$APPLICATION_HOME_DIR$/plugins/python/helpers/typeshed/stdlib/2and3" />
        <root url="file://$APPLICATION_HOME_DIR$/plugins/python/helpers/typeshed/third_party/3" />
        <root url="file://$APPLICATION_HOME_DIR$/plugins/python/helpers/typeshed/third_party/2and3" />
      </CLASSES>
      <SOURCES>
        <root url="file://$USER_HOME$/AppData/Local/Programs/Python/Python36-32/DLLs" />
        <root url="file://$USER_HOME$/AppData/Local/Programs/Python/Python36-32/Lib" />
        <root url="file://$USER_HOME$/AppData/Local/Programs/Python/Python36-32" />
        <root url="file://$USER_HOME$/AppData/Local/Programs/Python/Python36-32/Lib/site-packages" />
        <root url="file://$USER_HOME$/.CLion2018.2/system/python_stubs/-221541719" />
        <root url="file://$APPLICATION_HOME_DIR$/plugins/python/helpers/python-skeletons" />
        <root url="file://$APPLICATION_HOME_DIR$/plugins/python/helpers/typeshed/stdlib/3.4" />
        <root url="file://$APPLICATION_HOME_DIR$/plugins/python/helpers/typeshed/stdlib/3" />
        <root url="file://$APPLICATION_HOME_DIR$/plugins/python/helpers/typeshed/stdlib/2and3" />
        <root url="file://$APPLICATION_HOME_DIR$/plugins/python/helpers/typeshed/third_party/3" />
        <root url="file://$APPLICATION_HOME_DIR$/plugins/python/helpers/typeshed/third_party/2and3" />
      </SOURCES>
    </library>
    <library name="Python 3.6 (2) interpreter library">
      <CLASSES>
        <root url="file://$USER_HOME$/AppData/Local/Programs/Python/Python36-32/DLLs" />
        <root url="file://$USER_HOME$/AppData/Local/Programs/Python/Python36-32/Lib" />
        <root url="file://$USER_HOME$/AppData/Local/Programs/Python/Python36-32" />
        <root url="file://$USER_HOME$/AppData/Local/Programs/Python/Python36-32/Lib/site-packages" />
        <root url="file://$USER_HOME$/.CLion2018.2/system/python_stubs/-221541719" />
        <root url="file://$APPLICATION_HOME_DIR$/plugins/python/helpers/python-skeletons" />
        <root url="file://$APPLICATION_HOME_DIR$/plugins/python/helpers/typeshed/stdlib/3.4" />
        <root url="file://$APPLICATION_HOME_DIR$/plugins/python/helpers/typeshed/stdlib/3" />
        <root url="file://$APPLICATION_HOME_DIR$/plugins/python/helpers/typeshed/stdlib/2and3" />
        <root url="file://$APPLICATION_HOME_DIR$/plugins/python/helpers/typeshed/third_party/3" />
        <root url="file://$APPLICATION_HOME_DIR$/plugins/python/helpers/typeshed/third_party/2and3" />
      </CLASSES>
      <SOURCES>
        <root url="file://$USER_HOME$/AppData/Local/Programs/Python/Python36-32/DLLs" />
        <root url="file://$USER_HOME$/AppData/Local/Programs/Python/Python36-32/Lib" />
        <root url="file://$USER_HOME$/AppData/Local/Programs/Python/Python36-32" />
        <root url="file://$USER_HOME$/AppData/Local/Programs/Python/Python36-32/Lib/site-packages" />
        <root url="file://$USER_HOME$/.CLion2018.2/system/python_stubs/-221541719" />
        <root url="file://$APPLICATION_HOME_DIR$/plugins/python/helpers/python-skeletons" />
        <root url="file://$APPLICATION_HOME_DIR$/plugins/python/helpers/typeshed/stdlib/3.4" />
        <root url="file://$APPLICATION_HOME_DIR$/plugins/python/helpers/typeshed/stdlib/3" />
        <root url="file://$APPLICATION_HOME_DIR$/plugins/python/helpers/typeshed/stdlib/2and3" />
        <root url="file://$APPLICATION_HOME_DIR$/plugins/python/helpers/typeshed/third_party/3" />
        <root url="file://$APPLICATION_HOME_DIR$/plugins/python/helpers/typeshed/third_party/2and3" />
      </SOURCES>
    </library>
    <library name="Python 3.6 (2) interpreter library">
      <CLASSES>
        <root url="file://$USER_HOME$/AppData/Local/Programs/Python/Python36-32/DLLs" />
        <root url="file://$USER_HOME$/AppData/Local/Programs/Python/Python36-32/Lib" />
        <root url="file://$USER_HOME$/AppData/Local/Programs/Python/Python36-32" />
        <root url="file://$USER_HOME$/AppData/Local/Programs/Python/Python36-32/Lib/site-packages" />
        <root url="file://$USER_HOME$/.CLion2018.2/system/python_stubs/-221541719" />
        <root url="file://$APPLICATION_HOME_DIR$/plugins/python/helpers/python-skeletons" />
        <root url="file://$APPLICATION_HOME_DIR$/plugins/python/helpers/typeshed/stdlib/3.4" />
        <root url="file://$APPLICATION_HOME_DIR$/plugins/python/helpers/typeshed/stdlib/3" />
        <root url="file://$APPLICATION_HOME_DIR$/plugins/python/helpers/typeshed/stdlib/2and3" />
        <root url="file://$APPLICATION_HOME_DIR$/plugins/python/helpers/typeshed/third_party/3" />
        <root url="file://$APPLICATION_HOME_DIR$/plugins/python/helpers/typeshed/third_party/2and3" />
      </CLASSES>
      <SOURCES>
        <root url="file://$USER_HOME$/AppData/Local/Programs/Python/Python36-32/DLLs" />
        <root url="file://$USER_HOME$/AppData/Local/Programs/Python/Python36-32/Lib" />
        <root url="file://$USER_HOME$/AppData/Local/Programs/Python/Python36-32" />
        <root url="file://$USER_HOME$/AppData/Local/Programs/Python/Python36-32/Lib/site-packages" />
        <root url="file://$USER_HOME$/.CLion2018.2/system/python_stubs/-221541719" />
        <root url="file://$APPLICATION_HOME_DIR$/plugins/python/helpers/python-skeletons" />
        <root url="file://$APPLICATION_HOME_DIR$/plugins/python/helpers/typeshed/stdlib/3.4" />
        <root url="file://$APPLICATION_HOME_DIR$/plugins/python/helpers/typeshed/stdlib/3" />
        <root url="file://$APPLICATION_HOME_DIR$/plugins/python/helpers/typeshed/stdlib/2and3" />
        <root url="file://$APPLICATION_HOME_DIR$/plugins/python/helpers/typeshed/third_party/3" />
        <root url="file://$APPLICATION_HOME_DIR$/plugins/python/helpers/typeshed/third_party/2and3" />
      </SOURCES>
    </library>
    <library name="Python 3.6 (2) interpreter library">
      <CLASSES>
        <root url="file://$USER_HOME$/AppData/Local/Programs/Python/Python36-32/DLLs" />
        <root url="file://$USER_HOME$/AppData/Local/Programs/Python/Python36-32/Lib" />
        <root url="file://$USER_HOME$/AppData/Local/Programs/Python/Python36-32" />
        <root url="file://$USER_HOME$/AppData/Local/Programs/Python/Python36-32/Lib/site-packages" />
        <root url="file://$USER_HOME$/.CLion2018.2/system/python_stubs/-221541719" />
        <root url="file://$APPLICATION_HOME_DIR$/plugins/python/helpers/python-skeletons" />
        <root url="file://$APPLICATION_HOME_DIR$/plugins/python/helpers/typeshed/stdlib/3.4" />
        <root url="file://$APPLICATION_HOME_DIR$/plugins/python/helpers/typeshed/stdlib/3" />
        <root url="file://$APPLICATION_HOME_DIR$/plugins/python/helpers/typeshed/stdlib/2and3" />
        <root url="file://$APPLICATION_HOME_DIR$/plugins/python/helpers/typeshed/third_party/3" />
        <root url="file://$APPLICATION_HOME_DIR$/plugins/python/helpers/typeshed/third_party/2and3" />
      </CLASSES>
      <SOURCES>
        <root url="file://$USER_HOME$/AppData/Local/Programs/Python/Python36-32/DLLs" />
        <root url="file://$USER_HOME$/AppData/Local/Programs/Python/Python36-32/Lib" />
        <root url="file://$USER_HOME$/AppData/Local/Programs/Python/Python36-32" />
        <root url="file://$USER_HOME$/AppData/Local/Programs/Python/Python36-32/Lib/site-packages" />
        <root url="file://$USER_HOME$/.CLion2018.2/system/python_stubs/-221541719" />
        <root url="file://$APPLICATION_HOME_DIR$/plugins/python/helpers/python-skeletons" />
        <root url="file://$APPLICATION_HOME_DIR$/plugins/python/helpers/typeshed/stdlib/3.4" />
        <root url="file://$APPLICATION_HOME_DIR$/plugins/python/helpers/typeshed/stdlib/3" />
        <root url="file://$APPLICATION_HOME_DIR$/plugins/python/helpers/typeshed/stdlib/2and3" />
        <root url="file://$APPLICATION_HOME_DIR$/plugins/python/helpers/typeshed/third_party/3" />
        <root url="file://$APPLICATION_HOME_DIR$/plugins/python/helpers/typeshed/third_party/2and3" />
      </SOURCES>
    </library>
    <library name="Python 3.6 (2) interpreter library">
      <CLASSES>
        <root url="file://$USER_HOME$/AppData/Local/Programs/Python/Python36-32/DLLs" />
        <root url="file://$USER_HOME$/AppData/Local/Programs/Python/Python36-32/Lib" />
        <root url="file://$USER_HOME$/AppData/Local/Programs/Python/Python36-32" />
        <root url="file://$USER_HOME$/AppData/Local/Programs/Python/Python36-32/Lib/site-packages" />
        <root url="file://$USER_HOME$/.CLion2018.2/system/python_stubs/-221541719" />
        <root url="file://$APPLICATION_HOME_DIR$/plugins/python/helpers/python-skeletons" />
        <root url="file://$APPLICATION_HOME_DIR$/plugins/python/helpers/typeshed/stdlib/3.4" />
        <root url="file://$APPLICATION_HOME_DIR$/plugins/python/helpers/typeshed/stdlib/3" />
        <root url="file://$APPLICATION_HOME_DIR$/plugins/python/helpers/typeshed/stdlib/2and3" />
        <root url="file://$APPLICATION_HOME_DIR$/plugins/python/helpers/typeshed/third_party/3" />
        <root url="file://$APPLICATION_HOME_DIR$/plugins/python/helpers/typeshed/third_party/2and3" />
      </CLASSES>
      <SOURCES>
        <root url="file://$USER_HOME$/AppData/Local/Programs/Python/Python36-32/DLLs" />
        <root url="file://$USER_HOME$/AppData/Local/Programs/Python/Python36-32/Lib" />
        <root url="file://$USER_HOME$/AppData/Local/Programs/Python/Python36-32" />
        <root url="file://$USER_HOME$/AppData/Local/Programs/Python/Python36-32/Lib/site-packages" />
        <root url="file://$USER_HOME$/.CLion2018.2/system/python_stubs/-221541719" />
        <root url="file://$APPLICATION_HOME_DIR$/plugins/python/helpers/python-skeletons" />
        <root url="file://$APPLICATION_HOME_DIR$/plugins/python/helpers/typeshed/stdlib/3.4" />
        <root url="file://$APPLICATION_HOME_DIR$/plugins/python/helpers/typeshed/stdlib/3" />
        <root url="file://$APPLICATION_HOME_DIR$/plugins/python/helpers/typeshed/stdlib/2and3" />
        <root url="file://$APPLICATION_HOME_DIR$/plugins/python/helpers/typeshed/third_party/3" />
        <root url="file://$APPLICATION_HOME_DIR$/plugins/python/helpers/typeshed/third_party/2and3" />
      </SOURCES>
    </library>
    <library name="Python 3.6 (2) interpreter library">
      <CLASSES>
        <root url="file://$USER_HOME$/AppData/Local/Programs/Python/Python36-32/DLLs" />
        <root url="file://$USER_HOME$/AppData/Local/Programs/Python/Python36-32/Lib" />
        <root url="file://$USER_HOME$/AppData/Local/Programs/Python/Python36-32" />
        <root url="file://$USER_HOME$/AppData/Local/Programs/Python/Python36-32/Lib/site-packages" />
        <root url="file://$USER_HOME$/.CLion2018.2/system/python_stubs/-221541719" />
        <root url="file://$APPLICATION_HOME_DIR$/plugins/python/helpers/python-skeletons" />
        <root url="file://$APPLICATION_HOME_DIR$/plugins/python/helpers/typeshed/stdlib/3.4" />
        <root url="file://$APPLICATION_HOME_DIR$/plugins/python/helpers/typeshed/stdlib/3" />
        <root url="file://$APPLICATION_HOME_DIR$/plugins/python/helpers/typeshed/stdlib/2and3" />
        <root url="file://$APPLICATION_HOME_DIR$/plugins/python/helpers/typeshed/third_party/3" />
        <root url="file://$APPLICATION_HOME_DIR$/plugins/python/helpers/typeshed/third_party/2and3" />
      </CLASSES>
      <SOURCES>
        <root url="file://$USER_HOME$/AppData/Local/Programs/Python/Python36-32/DLLs" />
        <root url="file://$USER_HOME$/AppData/Local/Programs/Python/Python36-32/Lib" />
        <root url="file://$USER_HOME$/AppData/Local/Programs/Python/Python36-32" />
        <root url="file://$USER_HOME$/AppData/Local/Programs/Python/Python36-32/Lib/site-packages" />
        <root url="file://$USER_HOME$/.CLion2018.2/system/python_stubs/-221541719" />
        <root url="file://$APPLICATION_HOME_DIR$/plugins/python/helpers/python-skeletons" />
        <root url="file://$APPLICATION_HOME_DIR$/plugins/python/helpers/typeshed/stdlib/3.4" />
        <root url="file://$APPLICATION_HOME_DIR$/plugins/python/helpers/typeshed/stdlib/3" />
        <root url="file://$APPLICATION_HOME_DIR$/plugins/python/helpers/typeshed/stdlib/2and3" />
        <root url="file://$APPLICATION_HOME_DIR$/plugins/python/helpers/typeshed/third_party/3" />
        <root url="file://$APPLICATION_HOME_DIR$/plugins/python/helpers/typeshed/third_party/2and3" />
      </SOURCES>
    </library>
    <library name="Python 3.6 interpreter library">
      <CLASSES>
        <root url="file://$USER_HOME$/AppData/Local/Programs/Python/Python36-32/DLLs" />
        <root url="file://$USER_HOME$/AppData/Local/Programs/Python/Python36-32/Lib" />
        <root url="file://$USER_HOME$/AppData/Local/Programs/Python/Python36-32" />
        <root url="file://$USER_HOME$/AppData/Local/Programs/Python/Python36-32/Lib/site-packages" />
        <root url="file://$USER_HOME$/.CLion2018.1/system/python_stubs/350574976" />
        <root url="file://$APPLICATION_HOME_DIR$/plugins/python/helpers/python-skeletons" />
        <root url="file://$APPLICATION_HOME_DIR$/plugins/python/helpers/typeshed/stdlib/3.6" />
        <root url="file://$APPLICATION_HOME_DIR$/plugins/python/helpers/typeshed/stdlib/3.5" />
        <root url="file://$APPLICATION_HOME_DIR$/plugins/python/helpers/typeshed/stdlib/3.4" />
        <root url="file://$APPLICATION_HOME_DIR$/plugins/python/helpers/typeshed/stdlib/3.3" />
        <root url="file://$APPLICATION_HOME_DIR$/plugins/python/helpers/typeshed/stdlib/3" />
        <root url="file://$APPLICATION_HOME_DIR$/plugins/python/helpers/typeshed/stdlib/2and3" />
        <root url="file://$APPLICATION_HOME_DIR$/plugins/python/helpers/typeshed/third_party/3" />
        <root url="file://$APPLICATION_HOME_DIR$/plugins/python/helpers/typeshed/third_party/2and3" />
      </CLASSES>
      <SOURCES>
        <root url="file://$USER_HOME$/AppData/Local/Programs/Python/Python36-32/DLLs" />
        <root url="file://$USER_HOME$/AppData/Local/Programs/Python/Python36-32/Lib" />
        <root url="file://$USER_HOME$/AppData/Local/Programs/Python/Python36-32" />
        <root url="file://$USER_HOME$/AppData/Local/Programs/Python/Python36-32/Lib/site-packages" />
        <root url="file://$USER_HOME$/.CLion2018.1/system/python_stubs/350574976" />
        <root url="file://$APPLICATION_HOME_DIR$/plugins/python/helpers/python-skeletons" />
        <root url="file://$APPLICATION_HOME_DIR$/plugins/python/helpers/typeshed/stdlib/3.6" />
        <root url="file://$APPLICATION_HOME_DIR$/plugins/python/helpers/typeshed/stdlib/3.5" />
        <root url="file://$APPLICATION_HOME_DIR$/plugins/python/helpers/typeshed/stdlib/3.4" />
        <root url="file://$APPLICATION_HOME_DIR$/plugins/python/helpers/typeshed/stdlib/3.3" />
        <root url="file://$APPLICATION_HOME_DIR$/plugins/python/helpers/typeshed/stdlib/3" />
        <root url="file://$APPLICATION_HOME_DIR$/plugins/python/helpers/typeshed/stdlib/2and3" />
        <root url="file://$APPLICATION_HOME_DIR$/plugins/python/helpers/typeshed/third_party/3" />
        <root url="file://$APPLICATION_HOME_DIR$/plugins/python/helpers/typeshed/third_party/2and3" />
      </SOURCES>
    </library>
  </component>
</application>