<application>
  <component name="FileTypeManager" version="17">
    <ignoreFiles list="*.hprof;*.o;*.pyc;*.pyo;*.rbc;*.tar;*.yarb;*~;.*.*.*.d;.*.*.*.g;.cproject;.project;.settings;.svn;.vscode;CVS;Debug;__pycache__;_svn;cmake-build-debug;vssver.scc;vssver2.scc;" />
    <extensionMap>
      <removed_mapping ext="conf" approved="true" type="HOCON" />
      <mapping pattern="makefile.*" type="Makefile" />
      <mapping ext="makefile" type="Makefile" />
      <mapping pattern="WORKSPACE" type="PLAIN_TEXT" />
      <mapping pattern=".bazelrc" type="PLAIN_TEXT" />
      <mapping pattern="BUIsdf" type="PLAIN_TEXT" />
      <mapping pattern="BUILD" type="PLAIN_TEXT" />
      <mapping pattern=".cpplintignore" type="PLAIN_TEXT" />
      <mapping pattern="sdf" type="PLAIN_TEXT" />
      <mapping ext="target" type="PLAIN_TEXT" />
      <mapping ext="data" type="PLAIN_TEXT" />
      <removed_mapping ext="cmd" approved="true" type="PLAIN_TEXT" />
      <removed_mapping ext="bat" approved="true" type="PLAIN_TEXT" />
      <mapping ext="conf" type="XML" />
      <removed_mapping ext="bat" approved="true" type="PLAIN_TEXT" />
      <removed_mapping ext="log" approved="true" type="PLAIN_TEXT" />
      <removed_mapping ext="dockerfile" approved="true" type="textmate" />
      <removed_mapping ext="conf" approved="true" type="HOCON" />
      <removed_mapping ext="cmd" approved="true" type="PLAIN_TEXT" />
      <removed_mapping ext="pl" approved="true" type="textmate" />
      <removed_mapping ext="snakefile" approved="true" type="textmate" />
    </extensionMap>
  </component>
</application>