<application>
  <component name="ProjectJdkTable">
    <jdk version="2">
      <name value="Python 3.6" />
      <type value="Python SDK" />
      <version value="Python 3.6.4" />
      <homePath value="C:\Users\allsochen\AppData\Local\Programs\Python\Python36-32\python.exe" />
      <roots>
        <classPath>
          <root type="composite">
            <root url="file://$USER_HOME$/AppData/Local/Programs/Python/Python36-32/DLLs" type="simple" />
            <root url="file://$USER_HOME$/AppData/Local/Programs/Python/Python36-32/Lib" type="simple" />
            <root url="file://$USER_HOME$/AppData/Local/Programs/Python/Python36-32" type="simple" />
            <root url="file://$USER_HOME$/AppData/Local/Programs/Python/Python36-32/Lib/site-packages" type="simple" />
            <root url="file://$USER_HOME$/.CLion2018.1/system/python_stubs/350574976" type="simple" />
            <root url="file://$APPLICATION_HOME_DIR$/plugins/python/helpers/python-skeletons" type="simple" />
            <root url="file://$APPLICATION_HOME_DIR$/plugins/python/helpers/typeshed/stdlib/3.6" type="simple" />
            <root url="file://$APPLICATION_HOME_DIR$/plugins/python/helpers/typeshed/stdlib/3.5" type="simple" />
            <root url="file://$APPLICATION_HOME_DIR$/plugins/python/helpers/typeshed/stdlib/3.4" type="simple" />
            <root url="file://$APPLICATION_HOME_DIR$/plugins/python/helpers/typeshed/stdlib/3.3" type="simple" />
            <root url="file://$APPLICATION_HOME_DIR$/plugins/python/helpers/typeshed/stdlib/3" type="simple" />
            <root url="file://$APPLICATION_HOME_DIR$/plugins/python/helpers/typeshed/stdlib/2and3" type="simple" />
            <root url="file://$APPLICATION_HOME_DIR$/plugins/python/helpers/typeshed/third_party/3" type="simple" />
            <root url="file://$APPLICATION_HOME_DIR$/plugins/python/helpers/typeshed/third_party/2and3" type="simple" />
          </root>
        </classPath>
        <sourcePath>
          <root type="composite" />
        </sourcePath>
      </roots>
      <additional />
    </jdk>
    <jdk version="2">
      <name value="Python 3.6 (1)" />
      <type value="Python SDK" />
      <version value="Python 3.6.2" />
      <homePath value="C:\ProgramData\Anaconda3\envs\AccountCBRecallServer\python.exe" />
      <roots>
        <classPath>
          <root type="composite">
            <root url="file://C:/ProgramData/Anaconda3/envs/AccountCBRecallServer/DLLs" type="simple" />
            <root url="file://C:/ProgramData/Anaconda3/envs/AccountCBRecallServer/Lib" type="simple" />
            <root url="file://C:/ProgramData/Anaconda3/envs/AccountCBRecallServer" type="simple" />
            <root url="file://C:/ProgramData/Anaconda3/envs/AccountCBRecallServer/Lib/site-packages" type="simple" />
            <root url="file://$USER_HOME$/.CLion2018.1/system/python_stubs/681552664" type="simple" />
            <root url="file://$APPLICATION_HOME_DIR$/plugins/python/helpers/python-skeletons" type="simple" />
            <root url="file://$APPLICATION_HOME_DIR$/plugins/python/helpers/typeshed/stdlib/3.6" type="simple" />
            <root url="file://$APPLICATION_HOME_DIR$/plugins/python/helpers/typeshed/stdlib/3.5" type="simple" />
            <root url="file://$APPLICATION_HOME_DIR$/plugins/python/helpers/typeshed/stdlib/3.4" type="simple" />
            <root url="file://$APPLICATION_HOME_DIR$/plugins/python/helpers/typeshed/stdlib/3.3" type="simple" />
            <root url="file://$APPLICATION_HOME_DIR$/plugins/python/helpers/typeshed/stdlib/3" type="simple" />
            <root url="file://$APPLICATION_HOME_DIR$/plugins/python/helpers/typeshed/stdlib/2and3" type="simple" />
            <root url="file://$APPLICATION_HOME_DIR$/plugins/python/helpers/typeshed/third_party/3" type="simple" />
            <root url="file://$APPLICATION_HOME_DIR$/plugins/python/helpers/typeshed/third_party/2and3" type="simple" />
          </root>
        </classPath>
        <sourcePath>
          <root type="composite" />
        </sourcePath>
      </roots>
      <additional />
    </jdk>
    <jdk version="2">
      <name value="Python 3.6 (2)" />
      <type value="Python SDK" />
      <version value="Python 3.6.4" />
      <homePath value="C:\Users\allsochen.TENCENT\AppData\Local\Programs\Python\Python36-32\python.exe" />
      <roots>
        <classPath>
          <root type="composite">
            <root url="file://$USER_HOME$/AppData/Local/Programs/Python/Python36-32/DLLs" type="simple" />
            <root url="file://$USER_HOME$/AppData/Local/Programs/Python/Python36-32/Lib" type="simple" />
            <root url="file://$USER_HOME$/AppData/Local/Programs/Python/Python36-32" type="simple" />
            <root url="file://$USER_HOME$/AppData/Local/Programs/Python/Python36-32/Lib/site-packages" type="simple" />
            <root url="file://$USER_HOME$/.CLion2018.2/system/python_stubs/-221541719" type="simple" />
            <root url="file://$APPLICATION_HOME_DIR$/plugins/python/helpers/python-skeletons" type="simple" />
            <root url="file://$APPLICATION_HOME_DIR$/plugins/python/helpers/typeshed/stdlib/3.4" type="simple" />
            <root url="file://$APPLICATION_HOME_DIR$/plugins/python/helpers/typeshed/stdlib/3" type="simple" />
            <root url="file://$APPLICATION_HOME_DIR$/plugins/python/helpers/typeshed/stdlib/2and3" type="simple" />
            <root url="file://$APPLICATION_HOME_DIR$/plugins/python/helpers/typeshed/third_party/3" type="simple" />
            <root url="file://$APPLICATION_HOME_DIR$/plugins/python/helpers/typeshed/third_party/2and3" type="simple" />
          </root>
        </classPath>
        <sourcePath>
          <root type="composite" />
        </sourcePath>
      </roots>
      <additional />
    </jdk>
  </component>
</application>