<application>
  <component name="ParameterNameHintsSettings">
    <blacklists>
      <blacklist language="TypeScript" />
      <blacklist language="C/C++">
        <added pattern="Ant::TrainResponse::display(_os,_level)" />
        <added pattern="MT_FDLOG(x)" />
        <added pattern="Ant::PrepareResponse::display(_os,_level)" />
        <added pattern="Ant::PrepareRequest::display(_os,_level)" />
        <added pattern="Ant::TrainResultRequest::display(_os,_level)" />
        <added pattern="core::AntDataCore::train(stReq,stRsp,current)" />
      </blacklist>
      <blacklist language="JavaScript" />
    </blacklists>
    <disabledLanguages>
      <language id="TypeScript" />
      <language id="JavaScript" />
      <language id="ObjectiveC" />
      <language id="SQL" />
    </disabledLanguages>
  </component>
</application>