<application>
  <component name="WebServers">
    <option name="servers">
      <webServer id="2b988355-4c6d-4af6-b321-d38bcfede36c" name="SmartBoxSearchRecommServer" url="http://localhost">
        <fileTransfer host="9.134.5.180" port="36000" privateKey="C:\Users\Administrator\.ssh\id_rsa" rootFolder="/data/docker/cpp17/yongbohe/clion" accessType="SFTP" keyPair="true">
          <option name="port" value="36000" />
        </fileTransfer>
      </webServer>
      <webServer id="17e340ac-6786-4bc6-8723-8811d04a25b1" name="vbloom" url="http://localhost">
        <fileTransfer host="9.134.5.180" port="36000" privateKey="C:\Users\Administrator\.ssh\id_rsa" rootFolder="/data/docker/cpp17/yongbohe/clion" accessType="SFTP" keyPair="true">
          <option name="port" value="36000" />
        </fileTransfer>
      </webServer>
      <webServer id="3fe54de9-ad23-45ec-8342-35fa948bdc79" name="PEClusterClientAPI" url="http://localhost">
        <fileTransfer host="9.134.5.180" port="36000" rootFolder="/data/docker/cpp17/yongbohe/clion" accessType="SFTP">
          <option name="port" value="36000" />
        </fileTransfer>
      </webServer>
      <webServer id="65716c4e-1e66-4300-8ce2-e60e40cb0e58" name="PrimaryEngineProxyServer" url="http://localhost">
        <fileTransfer host="9.134.5.180" port="36000" rootFolder="/data/docker/cpp17/yongbohe/clion" accessType="SFTP">
          <option name="port" value="36000" />
        </fileTransfer>
      </webServer>
      <webServer id="8f0b4e25-f271-4523-b27e-67be2fffe16a" name="PhxProxyServer" url="http://localhost">
        <fileTransfer host="9.134.5.180" port="36000" rootFolder="/data/docker/cpp17/yongbohe/clion" accessType="SFTP">
          <option name="port" value="36000" />
        </fileTransfer>
      </webServer>
      <webServer id="cf680993-8900-46a7-93b0-278af2f40734" name="PhxProxy" url="http://9.134.5.180">
        <fileTransfer host="9.134.5.180" port="36000" rootFolder="/data/docker/cpp17/yongbohe/clion" accessType="SFTP">
          <advancedOptions>
            <advancedOptions dataProtectionLevel="Private" passiveMode="true" shareSSLContext="true" />
          </advancedOptions>
          <option name="port" value="36000" />
        </fileTransfer>
      </webServer>
      <webServer id="51a97984-4d0b-4cc7-8f28-638b2018f386" name="diff_tools" url="http://localhost">
        <fileTransfer host="9.134.5.180" port="36000" rootFolder="/data/docker/cpp17/yongbohe/clion" accessType="SFTP">
          <option name="port" value="36000" />
        </fileTransfer>
      </webServer>
      <webServer id="40c1e613-7447-4189-ba88-9cd8f43e6654" name="tsvt_video_policy" url="http://localhost">
        <fileTransfer host="9.134.5.180" port="36000" rootFolder="/data/docker/cpp17/yongbohe/clion" accessType="SFTP">
          <option name="port" value="36000" />
        </fileTransfer>
      </webServer>
      <webServer id="3964fde2-907c-4ae9-81f0-b2df4bbbcd6e" name="cache" url="http://localhost">
        <fileTransfer host="9.134.5.180" port="36000" rootFolder="/data/docker/cpp17/yongbohe/clion" accessType="SFTP">
          <option name="port" value="36000" />
        </fileTransfer>
      </webServer>
      <webServer id="4c6b86ce-2c25-4509-b4d2-6098fc3c602c" name="SearchDiffTools" url="http://localhost">
        <fileTransfer host="9.134.5.180" port="36000" rootFolder="/data/docker/cpp17/yongbohe/clion" accessType="SFTP">
          <option name="port" value="36000" />
        </fileTransfer>
      </webServer>
      <webServer id="5cc94224-876f-4e8a-b4b0-00cf9ebb9eb9" name="QBWSSortPolicyServer" url="http://localhost">
        <fileTransfer host="9.134.5.180" port="36000" rootFolder="/data/docker/cpp17/yongbohe/clion" accessType="SFTP">
          <option name="port" value="36000" />
        </fileTransfer>
      </webServer>
      <webServer id="42ce528b-fb42-4032-b0d8-94de2fe355ec" name="QBWSModelProxyServer" url="http://localhost">
        <fileTransfer host="9.134.5.180" port="36000" rootFolder="/data/docker/cpp17/yongbohe/clion" accessType="SFTP">
          <advancedOptions>
            <advancedOptions keepAliveTimeout="30000" />
          </advancedOptions>
          <option name="port" value="36000" />
        </fileTransfer>
      </webServer>
      <webServer id="684336eb-a00d-4ee5-9599-9d6e06913887" name="cpp_default" url="http://9.134.5.180">
        <fileTransfer host="9.134.5.180" port="36000" privateKey="C:\Users\Administrator\.ssh\id_rsa" rootFolder="/data/docker/cpp17/yongbohe/clion" accessType="SFTP" keyPair="true">
          <advancedOptions>
            <advancedOptions dataProtectionLevel="Private" passiveMode="true" shareSSLContext="true" />
          </advancedOptions>
          <option name="port" value="36000" />
        </fileTransfer>
      </webServer>
    </option>
  </component>
</application>