<application>
  <component name="AppStorage">
    <histories>
      <item value="is exist" />
      <item value="is empty" />
      <item value="is" />
      <item value="async Get MKV Batch Ex" />
      <item value="item ids" />
      <item value="Get Update Key" />
      <item value="Refresh" />
      <item value="front" />
      <item value="Initialize" />
      <item value="feature api_" />
      <item value="is Info Enabled" />
      <item value="Taf Common" />
      <item value="eliricli" />
      <item value="," />
      <item value="new node" />
      <item value="token" />
      <item value="get Bool" />
      <item value="yb dev" />
      <item value="master" />
      <item value="Trpc Feature API" />
      <item value="cluster api" />
      <item value="Recommend Trpc Cluster API lib" />
      <item value="ret" />
      <item value="send Search Feature Req" />
      <item value="send Search Feature Req By Clu API" />
      <item value="is open rec cluster_" />
      <item value="is open rec cluster" />
      <item value="services" />
      <item value="Is Sequence" />
      <item value="Is Null" />
      <item value="service conf yaml node" />
      <item value="Init Search Config" />
      <item value="ctx" />
      <item value="context" />
      <item value="server context" />
      <item value="server context_" />
      <item value="&gt;" />
      <item value="Client Context" />
      <item value="Server Context" />
      <item value="Server Context Ptr" />
      <item value="Format Log" />
      <item value="Recommend Cluster API" />
      <item value="Async Get Item" />
      <item value="feature proxy_" />
      <item value="cluster api_" />
      <item value="Response" />
      <item value="cli" />
      <item value="client" />
      <item value="client_" />
      <item value="feature service pb" />
    </histories>
    <option name="languageScores">
      <map>
        <entry key="CHINESE" value="1163" />
        <entry key="ENGLISH" value="1164" />
        <entry key="ALBANIAN" value="1" />
        <entry key="ICELANDIC" value="1" />
        <entry key="DANISH" value="5" />
        <entry key="GERMAN" value="4" />
        <entry key="FRENCH" value="3" />
        <entry key="DUTCH" value="1" />
        <entry key="CATALAN" value="2" />
        <entry key="CORSICAN" value="3" />
        <entry key="LATIN" value="2" />
        <entry key="ROMANIAN" value="5" />
        <entry key="HMONG" value="9" />
        <entry key="SLOVENIAN" value="4" />
        <entry key="SCOTS_GAELIC" value="2" />
        <entry key="WELSH" value="1" />
        <entry key="GREEK" value="1" />
        <entry key="INDONESIAN" value="5" />
      </map>
    </option>
  </component>
  <component name="Settings">
    <option name="googleTranslateSettings">
      <google-translate>
        <option name="useTranslateGoogleCom" value="true" />
      </google-translate>
    </option>
    <option name="ignoreRegExp" value="" />
    <option name="showWordForms" value="false" />
  </component>
</application>