<code_scheme name="tencent" version="173">
  <option name="AUTODETECT_INDENTS" value="false" />
  <option name="LINE_SEPARATOR" value="&#10;" />
  <option name="RIGHT_MARGIN" value="100" />
  <option name="SOFT_MARGINS" value="100" />
  <Objective-C>
    <option name="INDENT_NAMESPACE_MEMBERS" value="0" />
    <option name="INDENT_C_STRUCT_MEMBERS" value="2" />
    <option name="INDENT_CLASS_MEMBERS" value="2" />
    <option name="INDENT_VISIBILITY_KEYWORDS" value="1" />
    <option name="INDENT_INSIDE_CODE_BLOCK" value="2" />
    <option name="INDENT_DIRECTIVE_AS_CODE" value="true" />
    <option name="KEEP_STRUCTURES_IN_ONE_LINE" value="true" />
    <option name="KEEP_CASE_EXPRESSIONS_IN_ONE_LINE" value="true" />
    <option name="KEEP_DIRECTIVE_AT_FIRST_COLUMN" value="false" />
    <option name="FUNCTION_NON_TOP_AFTER_RETURN_TYPE_WRAP" value="0" />
    <option name="FUNCTION_TOP_AFTER_RETURN_TYPE_WRAP" value="0" />
    <option name="FUNCTION_PARAMETERS_WRAP" value="5" />
    <option name="FUNCTION_CALL_ARGUMENTS_WRAP" value="5" />
    <option name="TEMPLATE_CALL_ARGUMENTS_WRAP" value="5" />
    <option name="TEMPLATE_CALL_ARGUMENTS_ALIGN_MULTILINE" value="true" />
    <option name="CLASS_CONSTRUCTOR_INIT_LIST_WRAP" value="5" />
    <option name="ALIGN_INIT_LIST_IN_COLUMNS" value="false" />
    <option name="SPACE_BEFORE_PROTOCOLS_BRACKETS" value="false" />
    <option name="SPACE_BEFORE_POINTER_IN_DECLARATION" value="false" />
    <option name="SPACE_AFTER_POINTER_IN_DECLARATION" value="true" />
    <option name="SPACE_BEFORE_REFERENCE_IN_DECLARATION" value="false" />
    <option name="SPACE_AFTER_REFERENCE_IN_DECLARATION" value="true" />
    <option name="DISCHARGED_SHORT_TERNARY_OPERATOR" value="true" />
    <option name="KEEP_BLANK_LINES_BEFORE_END" value="1" />
    <option name="HEADER_GUARD_STYLE_PATTERN" value="${PROJECT_NAME}_${PROJECT_REL_PATH}_${FILE_NAME}_${EXT}_" />
    <option name="NAMESPACES_NAMING_CONVENTION">
      <value prefix="" style="SNAKE_CASE" suffix="" />
    </option>
    <option name="CLASSES_AND_STRUCTS_NAMING_CONVENTION">
      <value prefix="" style="PASCAL_CASE" suffix="" />
    </option>
    <option name="ENUMS_NAMING_CONVENTION">
      <value prefix="" style="PASCAL_CASE" suffix="" />
    </option>
    <option name="ENUMERATORS_NAMING_CONVENTION">
      <value prefix="" style="SCREAMING_SNAKE_CASE" suffix="" />
    </option>
    <option name="TYPEDEFS_NAMING_CONVENTION">
      <value prefix="" style="PASCAL_CASE" suffix="" />
    </option>
    <option name="UNIONS_NAMING_CONVENTION">
      <value prefix="" style="PASCAL_CASE" suffix="" />
    </option>
    <option name="METHODS_NAMING_CONVENTION">
      <value prefix="" style="PASCAL_CASE" suffix="" />
    </option>
    <option name="FIELDS_NAMING_CONVENTION">
      <value prefix="" style="SNAKE_CASE" suffix="_" />
    </option>
    <option name="GLOBAL_FUNCTIONS_NAMING_CONVENTION">
      <value prefix="" style="PASCAL_CASE" suffix="" />
    </option>
    <option name="GLOBAL_VARIABLES_NAMING_CONVENTION">
      <value prefix="" style="SNAKE_CASE" suffix="" />
    </option>
    <option name="PARAMETERS_NAMING_CONVENTION">
      <value prefix="" style="SNAKE_CASE" suffix="" />
    </option>
    <option name="LOCAL_VARIABLES_NAMING_CONVENTION">
      <value prefix="" style="SNAKE_CASE" suffix="" />
    </option>
  </Objective-C>
  <Objective-C-extensions>
    <extensions>
      <pair source="cc" header="h" fileNamingConvention="SNAKE_CASE" />
      <pair source="c" header="h" fileNamingConvention="SNAKE_CASE" />
    </extensions>
    <rules>
      <rule entity="MACRO" visibility="ANY" specifier="ANY" prefix="" style="SCREAMING_SNAKE_CASE" suffix="" />
      <rule entity="NAMESPACE" visibility="ANY" specifier="ANY" prefix="" style="SNAKE_CASE" suffix="" />
      <rule entity="CLASS,ENUM,UNION,TYPEDEF" visibility="ANY" specifier="ANY" prefix="" style="PASCAL_CASE" suffix="" />
      <rule entity="MEMBER_FIELD" visibility="ANY" specifier="ANY" prefix="" style="SNAKE_CASE" suffix="_" />
      <rule entity="ENUMERATOR" visibility="ANY" specifier="ANY" prefix="" style="SCREAMING_SNAKE_CASE" suffix="" />
      <rule entity="GLOBAL_FUNCTION,MEMBER_FUNCTION" visibility="ANY" specifier="ANY" prefix="" style="PASCAL_CASE" suffix="" />
      <rule entity="PARAMETER,LOCAL_VARIABLE" visibility="ANY" specifier="ANY" prefix="" style="SNAKE_CASE" suffix="" />
      <rule entity="GLOBAL_VARIABLE,LOCAL_VARIABLE" visibility="ANY" specifier="CONST" prefix="k" style="PASCAL_CASE" suffix="" />
    </rules>
  </Objective-C-extensions>
  <clangFormatSettings>
    <option name="ENABLED" value="true" />
  </clangFormatSettings>
  <codeStyleSettings language="ObjectiveC">
    <option name="RIGHT_MARGIN" value="100" />
    <option name="KEEP_FIRST_COLUMN_COMMENT" value="false" />
    <option name="KEEP_BLANK_LINES_IN_DECLARATIONS" value="1" />
    <option name="KEEP_BLANK_LINES_IN_CODE" value="1" />
    <option name="KEEP_BLANK_LINES_BEFORE_RBRACE" value="1" />
    <option name="BLANK_LINES_BEFORE_IMPORTS" value="0" />
    <option name="BLANK_LINES_AFTER_IMPORTS" value="0" />
    <option name="BLANK_LINES_AROUND_CLASS" value="0" />
    <option name="BLANK_LINES_AROUND_METHOD" value="0" />
    <option name="BLANK_LINES_AROUND_METHOD_IN_INTERFACE" value="0" />
    <option name="ALIGN_MULTILINE_FOR" value="false" />
    <option name="ALIGN_MULTILINE_BINARY_OPERATION" value="false" />
    <option name="ALIGN_MULTILINE_ASSIGNMENT" value="false" />
    <option name="ALIGN_MULTILINE_TERNARY_OPERATION" value="false" />
    <option name="ALIGN_MULTILINE_ARRAY_INITIALIZER_EXPRESSION" value="false" />
    <option name="BINARY_OPERATION_SIGN_ON_NEXT_LINE" value="true" />
    <option name="TERNARY_OPERATION_SIGNS_ON_NEXT_LINE" value="false" />
    <option name="FOR_STATEMENT_WRAP" value="1" />
    <option name="ASSIGNMENT_WRAP" value="1" />
    <option name="ENUM_CONSTANTS_WRAP" value="2" />
    <option name="WRAP_ON_TYPING" value="0" />
    <option name="SOFT_MARGINS" value="100" />
    <indentOptions>
      <option name="INDENT_SIZE" value="2" />
      <option name="CONTINUATION_INDENT_SIZE" value="4" />
      <option name="TAB_SIZE" value="2" />
    </indentOptions>
  </codeStyleSettings>
</code_scheme>