<keymap version="1" name="Default copy" parent="$default">
  <action id="$EditorTranslateAction">
    <keyboard-shortcut first-keystroke="shift ctrl y" />
    <keyboard-shortcut first-keystroke="ctrl y" />
    <keyboard-shortcut first-keystroke="ctrl p" />
    <mouse-shortcut keystroke="button1 doubleClick" />
  </action>
  <action id="Back">
    <keyboard-shortcut first-keystroke="ctrl alt left" />
    <mouse-shortcut keystroke="button4" />
    <keyboard-shortcut first-keystroke="ctrl i" />
  </action>
  <action id="CIDR.Debugger.ShowInMemoryView" />
  <action id="CMake.ReloadCMakeProject">
    <keyboard-shortcut first-keystroke="alt k" second-keystroke="alt m" />
  </action>
  <action id="CheckinProject" />
  <action id="Console.Execute.Multiline" />
  <action id="Console.TableResult.NextPage" />
  <action id="DirDiffMenu.SynchronizeDiff.All" />
  <action id="Editor EditorTranslateAction">
    <keyboard-shortcut first-keystroke="ctrl y" />
    <keyboard-shortcut first-keystroke="ctrl p" />
    <mouse-shortcut keystroke="button1 doubleClick" />
  </action>
  <action id="EditorCodeBlockEnd" />
  <action id="EditorCodeBlockStart" />
  <action id="EditorDeleteLine" />
  <action id="EditorDuplicateLines">
    <keyboard-shortcut first-keystroke="ctrl alt down" />
  </action>
  <action id="EditorMoveToPageBottom" />
  <action id="EditorMoveToPageTop" />
  <action id="EditorScrollDown">
    <keyboard-shortcut first-keystroke="ctrl down" />
    <keyboard-shortcut first-keystroke="ctrl j" />
  </action>
  <action id="EditorScrollUp">
    <keyboard-shortcut first-keystroke="ctrl up" />
    <keyboard-shortcut first-keystroke="ctrl k" />
  </action>
  <action id="EditorSplitLine" />
  <action id="EditorToggleUseSoftWraps">
    <keyboard-shortcut first-keystroke="pause" />
  </action>
  <action id="ExportToTextFile" />
  <action id="FileChooser.NewFolder">
    <keyboard-shortcut first-keystroke="alt insert" />
  </action>
  <action id="FileChooser.TogglePathShowing" />
  <action id="FileStructurePopup">
    <keyboard-shortcut first-keystroke="ctrl f12" />
    <keyboard-shortcut first-keystroke="alt f" />
  </action>
  <action id="Forward">
    <keyboard-shortcut first-keystroke="ctrl alt right" />
    <mouse-shortcut keystroke="button5" />
    <keyboard-shortcut first-keystroke="ctrl o" />
  </action>
  <action id="Generate.Missing.Members.ES6" />
  <action id="Generate.Missing.Members.TypeScript" />
  <action id="GotoChangedFile" />
  <action id="GotoDeclaration">
    <keyboard-shortcut first-keystroke="ctrl b" />
  </action>
  <action id="GotoRelated">
    <keyboard-shortcut first-keystroke="ctrl alt home" />
    <keyboard-shortcut first-keystroke="alt o" />
  </action>
  <action id="ImplementMethods" />
  <action id="InsertLiveTemplate" />
  <action id="NextOccurence" />
  <action id="NextSplitter">
    <keyboard-shortcut first-keystroke="alt w" second-keystroke="alt n" />
    <keyboard-shortcut first-keystroke="ctrl page_up" />
  </action>
  <action id="OverrideMethods" />
  <action id="ParameterInfo">
    <keyboard-shortcut first-keystroke="alt p" />
  </action>
  <action id="PlatformOpenProjectGroup">
    <keyboard-shortcut first-keystroke="alt g" />
  </action>
  <action id="PrevSplitter">
    <keyboard-shortcut first-keystroke="alt w" second-keystroke="alt p" />
    <keyboard-shortcut first-keystroke="ctrl page_down" />
  </action>
  <action id="RecentProjectListGroup">
    <keyboard-shortcut first-keystroke="alt r" />
  </action>
  <action id="RevealIn">
    <keyboard-shortcut first-keystroke="alt e" />
  </action>
  <action id="SplitHorizontally">
    <keyboard-shortcut first-keystroke="ctrl alt 2" />
  </action>
  <action id="SplitVertically">
    <keyboard-shortcut first-keystroke="ctrl alt 1" />
  </action>
  <action id="ToggleFullScreen">
    <keyboard-shortcut first-keystroke="ctrl enter" />
  </action>
  <action id="TypeHierarchy.Class">
    <keyboard-shortcut first-keystroke="ctrl cancel" />
  </action>
  <action id="UnsplitAll">
    <keyboard-shortcut first-keystroke="ctrl alt back_quote" />
  </action>
  <action id="ViewSource" />
  <action id="VimPluginToggle">
    <keyboard-shortcut first-keystroke="ctrl alt v" />
    <keyboard-shortcut first-keystroke="ctrl semicolon" />
  </action>
</keymap>